Dice,VOE,RelativeVolumeDiff,AvgSurfaceDist(voxels),MaxSurfaceDist(voxels)
0.09494640122511486,0.9050535987748851,0.6618852459016393,0.0,0.0
